{
  "Liver": [
    { "name": "Albumin", "category": "Blood", "importance": 0.28, "direction": "negative", "description": "Liver protein synthesis marker" },
    { "name": "GGT", "category": "Blood", "importance": 0.22, "direction": "positive", "description": "Gamma-glutamyl transferase" },
    { "name": "ALP", "category": "Blood", "importance": 0.15, "direction": "positive", "description": "Alkaline phosphatase" },
    { "name": "Total Bilirubin", "category": "Blood", "importance": 0.12, "direction": "positive", "description": "Heme catabolism by-product" },
    { "name": "Alcohol Intake", "category": "Demographic", "importance": 0.08, "direction": "positive", "description": "Self-reported consumption" }
  ],
  "Kidney": [
    { "name": "Creatinine", "category": "Urine", "importance": 0.35, "direction": "positive", "description": "Kidney filtration marker" },
    { "name": "BUN", "category": "Blood", "importance": 0.25, "direction": "positive", "description": "Blood Urea Nitrogen" },
    { "name": "Uric Acid", "category": "Blood", "importance": 0.15, "direction": "positive", "description": "Waste product breakdown" },
    { "name": "Systolic BP", "category": "Physical", "importance": 0.10, "direction": "positive", "description": "Blood Pressure" }
  ],
  "Cardio-Metabolic": [
     { "name": "HbA1c", "category": "Blood", "importance": 0.30, "direction": "positive", "description": "Long-term blood sugar" },
     { "name": "Triglycerides", "category": "Blood", "importance": 0.20, "direction": "positive", "description": "Blood fat levels" },
     { "name": "HDL Cholesterol", "category": "Blood", "importance": 0.18, "direction": "negative", "description": "Good cholesterol" }
  ],
  "Immune": [
     { "name": "WBC Count", "category": "Blood", "importance": 0.25, "direction": "positive", "description": "White Blood Cells" },
     { "name": "Lymphocytes", "category": "Blood", "importance": 0.20, "direction": "negative", "description": "Adaptive immune cells" },
     { "name": "CRP", "category": "Blood", "importance": 0.15, "direction": "positive", "description": "Inflammation marker" }
  ],
  "Lung": [
     { "name": "FEV1", "category": "Physical", "importance": 0.40, "direction": "negative", "description": "Forced Expiratory Volume" },
     { "name": "FVC", "category": "Physical", "importance": 0.30, "direction": "negative", "description": "Forced Vital Capacity" }
  ],
  "Musculoskeletal": [
     { "name": "Grip Strength", "category": "Physical", "importance": 0.35, "direction": "negative", "description": "Muscle function proxy" },
     { "name": "Bone Mineral Density", "category": "Physical", "importance": 0.25, "direction": "negative", "description": "Bone health" }
  ]
}