[
  {
    "id": "83721",
    "age": 45,
    "sex": "Male",
    "organAges": { "Liver": 52.4, "Kidney": 46.1, "Cardio-Metabolic": 44.2, "Immune": 43.8, "Lung": 45.5, "Musculoskeletal": 48.0 },
    "organGaps": { "Liver": 7.4, "Kidney": 1.1, "Cardio-Metabolic": -0.8, "Immune": -1.2, "Lung": 0.5, "Musculoskeletal": 3.0 }
  },
  {
    "id": "94022",
    "age": 68,
    "sex": "Female",
    "organAges": { "Liver": 65.1, "Kidney": 75.4, "Cardio-Metabolic": 72.1, "Immune": 67.0, "Lung": 68.2, "Musculoskeletal": 70.5 },
    "organGaps": { "Liver": -2.9, "Kidney": 7.4, "Cardio-Metabolic": 4.1, "Immune": -1.0, "Lung": 0.2, "Musculoskeletal": 2.5 }
  },
  {
    "id": "10234",
    "age": 32,
    "sex": "Male",
    "organAges": { "Liver": 31.5, "Kidney": 33.0, "Cardio-Metabolic": 38.5, "Immune": 30.2, "Lung": 31.8, "Musculoskeletal": 32.1 },
    "organGaps": { "Liver": -0.5, "Kidney": 1.0, "Cardio-Metabolic": 6.5, "Immune": -1.8, "Lung": -0.2, "Musculoskeletal": 0.1 }
  },
  {
    "id": "11555",
    "age": 55,
    "sex": "Female",
    "organAges": { "Liver": 58.2, "Kidney": 54.1, "Cardio-Metabolic": 60.5, "Immune": 55.0, "Lung": 56.2, "Musculoskeletal": 59.8 },
    "organGaps": { "Liver": 3.2, "Kidney": -0.9, "Cardio-Metabolic": 5.5, "Immune": 0.0, "Lung": 1.2, "Musculoskeletal": 4.8 }
  },
  {
    "id": "12899",
    "age": 24,
    "sex": "Male",
    "organAges": { "Liver": 23.5, "Kidney": 25.1, "Cardio-Metabolic": 22.8, "Immune": 24.5, "Lung": 23.0, "Musculoskeletal": 24.2 },
    "organGaps": { "Liver": -0.5, "Kidney": 1.1, "Cardio-Metabolic": -1.2, "Immune": 0.5, "Lung": -1.0, "Musculoskeletal": 0.2 }
  }
]