[
  { "organ": "Liver", "maeLinear": 6.4, "maeNonLinear": 5.1, "rmseLinear": 8.2, "rmseNonLinear": 6.8, "r2": 0.65 },
  { "organ": "Kidney", "maeLinear": 5.8, "maeNonLinear": 4.5, "rmseLinear": 7.5, "rmseNonLinear": 5.9, "r2": 0.72 },
  { "organ": "Cardio-Metabolic", "maeLinear": 4.2, "maeNonLinear": 3.1, "rmseLinear": 5.5, "rmseNonLinear": 4.2, "r2": 0.81 },
  { "organ": "Immune", "maeLinear": 7.1, "maeNonLinear": 6.2, "rmseLinear": 9.1, "rmseNonLinear": 7.8, "r2": 0.55 },
  { "organ": "Lung", "maeLinear": 5.5, "maeNonLinear": 4.8, "rmseLinear": 6.9, "rmseNonLinear": 6.1, "r2": 0.68 },
  { "organ": "Musculoskeletal", "maeLinear": 6.0, "maeNonLinear": 5.3, "rmseLinear": 7.8, "rmseNonLinear": 6.9, "r2": 0.61 }
]