{
  "Liver-Linear": [
    {"id": "L1", "chronoAge": 25, "bioAge": 27}, {"id": "L2", "chronoAge": 32, "bioAge": 31}, {"id": "L3", "chronoAge": 38, "bioAge": 42}, 
    {"id": "L4", "chronoAge": 45, "bioAge": 49}, {"id": "L5", "chronoAge": 52, "bioAge": 50}, {"id": "L6", "chronoAge": 58, "bioAge": 63},
    {"id": "L7", "chronoAge": 65, "bioAge": 69}, {"id": "L8", "chronoAge": 72, "bioAge": 78}, {"id": "L9", "chronoAge": 78, "bioAge": 85},
    {"id": "L10", "chronoAge": 22, "bioAge": 20}, {"id": "L11", "chronoAge": 35, "bioAge": 38}, {"id": "L12", "chronoAge": 48, "bioAge": 46},
    {"id": "L13", "chronoAge": 60, "bioAge": 62}, {"id": "L14", "chronoAge": 70, "bioAge": 75}, {"id": "L15", "chronoAge": 75, "bioAge": 74}
  ],
  "Liver-Non-Linear": [
    {"id": "L1", "chronoAge": 25, "bioAge": 25.5}, {"id": "L2", "chronoAge": 32, "bioAge": 32.2}, {"id": "L3", "chronoAge": 38, "bioAge": 39.5}, 
    {"id": "L4", "chronoAge": 45, "bioAge": 46.1}, {"id": "L5", "chronoAge": 52, "bioAge": 51.5}, {"id": "L6", "chronoAge": 58, "bioAge": 59.8},
    {"id": "L7", "chronoAge": 65, "bioAge": 66.2}, {"id": "L8", "chronoAge": 72, "bioAge": 73.5}, {"id": "L9", "chronoAge": 78, "bioAge": 80.1},
    {"id": "L10", "chronoAge": 22, "bioAge": 21.8}, {"id": "L11", "chronoAge": 35, "bioAge": 35.5}, {"id": "L12", "chronoAge": 48, "bioAge": 47.9},
    {"id": "L13", "chronoAge": 60, "bioAge": 61.2}, {"id": "L14", "chronoAge": 70, "bioAge": 71.5}, {"id": "L15", "chronoAge": 75, "bioAge": 76.2}
  ],
  "Kidney-Linear": [
    {"id": "K1", "chronoAge": 25, "bioAge": 28}, {"id": "K2", "chronoAge": 60, "bioAge": 65}, {"id": "K3", "chronoAge": 40, "bioAge": 42},
    {"id": "K4", "chronoAge": 30, "bioAge": 29}, {"id": "K5", "chronoAge": 70, "bioAge": 78}, {"id": "K6", "chronoAge": 55, "bioAge": 58},
    {"id": "K7", "chronoAge": 28, "bioAge": 27}, {"id": "K8", "chronoAge": 65, "bioAge": 68}, {"id": "K9", "chronoAge": 45, "bioAge": 49},
    {"id": "K10", "chronoAge": 35, "bioAge": 37}, {"id": "K11", "chronoAge": 50, "bioAge": 54}, {"id": "K12", "chronoAge": 75, "bioAge": 82}
  ],
  "Kidney-Non-Linear": [
    {"id": "K1", "chronoAge": 25, "bioAge": 26}, {"id": "K2", "chronoAge": 60, "bioAge": 61}, {"id": "K3", "chronoAge": 40, "bioAge": 40.5},
    {"id": "K4", "chronoAge": 30, "bioAge": 30.2}, {"id": "K5", "chronoAge": 70, "bioAge": 72.1}, {"id": "K6", "chronoAge": 55, "bioAge": 56.5},
    {"id": "K7", "chronoAge": 28, "bioAge": 28.1}, {"id": "K8", "chronoAge": 65, "bioAge": 66.8}, {"id": "K9", "chronoAge": 45, "bioAge": 46.2},
    {"id": "K10", "chronoAge": 35, "bioAge": 35.8}, {"id": "K11", "chronoAge": 50, "bioAge": 51.3}, {"id": "K12", "chronoAge": 75, "bioAge": 77.5}
  ],
  "Cardio-Metabolic-Linear": [
    {"id": "C1", "chronoAge": 30, "bioAge": 32}, {"id": "C2", "chronoAge": 50, "bioAge": 58}, {"id": "C3", "chronoAge": 70, "bioAge": 80},
    {"id": "C4", "chronoAge": 40, "bioAge": 45}, {"id": "C5", "chronoAge": 60, "bioAge": 68}, {"id": "C6", "chronoAge": 25, "bioAge": 26},
    {"id": "C7", "chronoAge": 35, "bioAge": 38}, {"id": "C8", "chronoAge": 45, "bioAge": 52}, {"id": "C9", "chronoAge": 55, "bioAge": 62},
    {"id": "C10", "chronoAge": 65, "bioAge": 75}
  ],
  "Cardio-Metabolic-Non-Linear": [
    {"id": "C1", "chronoAge": 30, "bioAge": 30.8}, {"id": "C2", "chronoAge": 50, "bioAge": 54.2}, {"id": "C3", "chronoAge": 70, "bioAge": 76.5},
    {"id": "C4", "chronoAge": 40, "bioAge": 42.1}, {"id": "C5", "chronoAge": 60, "bioAge": 64.8}, {"id": "C6", "chronoAge": 25, "bioAge": 25.5},
    {"id": "C7", "chronoAge": 35, "bioAge": 36.2}, {"id": "C8", "chronoAge": 45, "bioAge": 48.5}, {"id": "C9", "chronoAge": 55, "bioAge": 59.1},
    {"id": "C10", "chronoAge": 65, "bioAge": 71.2}
  ],
  "Immune-Linear": [
     {"id": "I1", "chronoAge": 30, "bioAge": 31}, {"id": "I2", "chronoAge": 50, "bioAge": 52}, {"id": "I3", "chronoAge": 70, "bioAge": 71},
     {"id": "I4", "chronoAge": 25, "bioAge": 24}, {"id": "I5", "chronoAge": 60, "bioAge": 62}
  ],
  "Immune-Non-Linear": [
     {"id": "I1", "chronoAge": 30, "bioAge": 30.5}, {"id": "I2", "chronoAge": 50, "bioAge": 50.8}, {"id": "I3", "chronoAge": 70, "bioAge": 70.2},
     {"id": "I4", "chronoAge": 25, "bioAge": 25.1}, {"id": "I5", "chronoAge": 60, "bioAge": 60.5}
  ],
  "Lung-Linear": [
     {"id": "Lu1", "chronoAge": 35, "bioAge": 36}, {"id": "Lu2", "chronoAge": 55, "bioAge": 56}, {"id": "Lu3", "chronoAge": 75, "bioAge": 78},
     {"id": "Lu4", "chronoAge": 25, "bioAge": 26}, {"id": "Lu5", "chronoAge": 45, "bioAge": 46}
  ],
  "Lung-Non-Linear": [
     {"id": "Lu1", "chronoAge": 35, "bioAge": 35.2}, {"id": "Lu2", "chronoAge": 55, "bioAge": 55.5}, {"id": "Lu3", "chronoAge": 75, "bioAge": 76.1},
     {"id": "Lu4", "chronoAge": 25, "bioAge": 25.4}, {"id": "Lu5", "chronoAge": 45, "bioAge": 45.3}
  ],
  "Musculoskeletal-Linear": [
     {"id": "M1", "chronoAge": 30, "bioAge": 32}, {"id": "M2", "chronoAge": 50, "bioAge": 55}, {"id": "M3", "chronoAge": 70, "bioAge": 78},
     {"id": "M4", "chronoAge": 40, "bioAge": 43}, {"id": "M5", "chronoAge": 60, "bioAge": 65}
  ],
  "Musculoskeletal-Non-Linear": [
     {"id": "M1", "chronoAge": 30, "bioAge": 31.0}, {"id": "M2", "chronoAge": 50, "bioAge": 52.5}, {"id": "M3", "chronoAge": 70, "bioAge": 74.2},
     {"id": "M4", "chronoAge": 40, "bioAge": 41.5}, {"id": "M5", "chronoAge": 60, "bioAge": 62.8}
  ]
}